{"accuracy": {"0": {"train": 0.8017966966116102, "test": 0.812981298129813}, "1": {"train": 0.8162219370322839, "test": 0.8261826182618262}}}