{"accuracy": {"0": {"train": 0.8253304221737029, "test": 0.8243824382438244}, "1": {"train": 0.8370306171769529, "test": 0.8326832683268327}}}