{"accuracy": {"0": {"train": 0.8160636010600176, "test": 0.8152815281528153}, "1": {"train": 0.8266137768962816, "test": 0.8252325232523252}}}